"gs_name","overlap_genes","overlap_n","source"
"Antigen Processing Ubiquitination Proteasome Degradation","ANAPC1, ATG7, BTRC, CBLB, CDC20, CDC27, CDC34, CUL1, CUL2, CUL3, CUL5, DCAF1, ELOB, ELOC, FBXW11, FBXW7, FZR1, HERC2, HERC6, HUWE1, ITCH, KEAP1, KLHL13, MYLIP, NEDD4, NEDD4L, PRKN, PSMA6, PSMB5, PSMC2, PSMC5, PSMD1, PSMD10, PSMD2, PSMD3, PSMD4, PSME3, RBCK1, RBX1, SIAH1, SKP1, SKP2, SMURF1, SMURF2, SOCS1, SOCS3, STUB1, TRIM21, UBA1, UBE2C, UBE2D1, UBE2D2, UBE2D3, UBE2L3, UBE3A, VHL, WWP1, ZBTB16",58,"C2:REACTOME"
"Cell Surface Interactions At The Vascular Wall","ANGPT1, ANGPT2, APOB, CD177, CD2, CD244, CD44, CD47, CD58, CD84, CD99, CEACAM1, CEACAM3, CEACAM8, CXADR, EPCAM, F11R, F2, FYN, GAS6, GP6, GRB2, GYPA, GYPB, HRAS, INPP5D, ITGA3, ITGA4, ITGA5, ITGA6, ITGAL, ITGAM, ITGAV, ITGAX, ITGB2, ITGB3, JAM2, JAM3, KRAS, L1CAM, LCK, LYN, MERTK, NRAS, OLR1, PECAM1, PIK3CA, PIK3CB, PIK3R1, PIK3R2, PLCG1, PROC, PROCR, PROS1, PSG1, PTPN11, PTPN6, SDC2, SDC3, SDC4, SELE, SELL, SELP, SELPLG, SHC1, SIRPA, SIRPG, SLC16A1, SLC3A2, SLC7A11, SLC7A5, SLC7A7, SOS1, SPN, SRC, TEK, TGFB1, THBD, TNFRSF10A, TNFRSF10B, TNFRSF10D, TREM1, TSPAN7, YES1",84,"C2:REACTOME"
"Class I Mhc Mediated Antigen Processing Presentation","ANAPC1, ATG7, BTK, BTRC, CANX, CBLB, CD14, CD207, CD36, CDC20, CDC27, CDC34, CHUK, CTSL, CUL1, CUL2, CUL3, CUL5, CYBA, CYBB, DCAF1, ELOB, ELOC, ERAP1, FBXW11, FBXW7, FCGR1A, FZR1, HERC2, HERC6, HUWE1, IKBKB, IKBKG, ITCH, ITGAV, ITGB5, KEAP1, KLHL13, LY96, MRC1, MRC2, MYD88, MYLIP, NCF1, NCF2, NCF4, NEDD4, NEDD4L, PDIA3, PRKN, PSMA6, PSMB5, PSMC2, PSMC5, PSMD1, PSMD10, PSMD2, PSMD3, PSMD4, PSME3, RBCK1, RBX1, S100A1, SEC13, SIAH1, SKP1, SKP2, SMURF1, SMURF2, SNAP23, SOCS1, SOCS3, STUB1, TAP1, TAP2, TIRAP, TLR1, TLR2, TLR4, TLR6, TRIM21, UBA1, UBE2C, UBE2D1, UBE2D2, UBE2D3, UBE2L3, UBE3A, VAMP3, VHL, WWP1, ZBTB16",92,"C2:REACTOME"
"Constitutive Signaling By Aberrant Pi3k In Cancer","CD19, CD28, CD80, CD86, EGF, EGFR, ERBB2, ERBB3, EREG, ESR1, ESR2, FGF1, FGF10, FGF19, FGF2, FGF23, FGF4, FGF7, FGF9, FGFR1, FGFR2, FGFR3, FGFR4, FLT3, FLT3LG, FYN, GAB1, GAB2, GRB2, HBEGF, HGF, ICOS, IRS1, IRS2, KIT, KITLG, KL, LCK, MET, PDGFA, PDGFB, PDGFRA, PDGFRB, PIK3CA, PIK3CB, PIK3CD, PIK3R1, PIK3R2, PTPN11, RAC1, SRC, TGFA, VAV1",53,"C2:REACTOME"
"Deubiquitination","ACTL6A, ADRB2, APC, AR, ARRB1, ARRB2, ASXL1, ATXN3, AXIN1, AXIN2, BAP1, BARD1, BECN1, BIRC2, BRCA1, CCNA1, CCNA2, CDC20, CDC25A, CDK1, CFTR, CYLD, DDB2, DDX58, EP300, ESR1, FOXO4, GATA3, HCFC1, HGS, HIF1A, IDE, IFIH1, IKBKG, IL33, INO80D, KAT2A, KAT2B, KEAP1, MAP3K7, MAVS, MDM2, MDM4, MYC, NLRP3, NOD1, NOD2, OGT, OTUB1, POLB, PRKN, PSMA6, PSMB5, PSMC2, PSMC5, PSMD1, PSMD10, PSMD2, PSMD3, PSMD4, PSME3, PTEN, RHOA, RHOT1, RIPK1, RIPK2, RNF128, RUVBL1, SKP2, SMAD1, SMAD2, SMAD3, SMAD4, SMAD7, SMURF2, TAB1, TGFB1, TGFBR1, TGFBR2, TNIP1, TNKS, TP53, TRAF2, TRAF3, TRAF6, TRIM25, TRRAP, UBE2D1, UCHL1, USP10, USP11, USP5, USP7, VDAC1, VDAC2, YY1",96,"C2:REACTOME"
"Diseases Of Signal Transduction By Growth Factor Receptors And Second Messengers","ADAM10, ADAM17, AKT1, AKT2, AKT3, ALK, AMER1, APC, APH1B, ARRB1, ARRB2, ATG7, ATIC, AXIN1, BAD, BCL11A, BCL2A1, BCL2L1, BCL2L11, BCR, BRAF, CAMK2A, CAMK2B, CAMK2D, CAMK2G, CASP9, CBL, CD19, CD28, CD80, CD86, CDC37, CDK8, CDKN1A, CDKN1B, CHUK, CLTC, CPSF6, CREB1, CREBBP, CSK, CSNK1A1, CTBP1, CTBP2, CTNNB1, CUL1, DCTN1, DKK1, DLL1, DLL4, DUSP6, EEF1G, EGF, EGFR, EIF2AK3, EP300, ERBB2, ERBB3, EREG, ERLIN2, ESR1, ESR2, ETV6, FBXW7, FGF1, FGF10, FGF19, FGF2, FGF23, FGF4, FGF7, FGF9, FGFR1, FGFR2, FGFR3, FGFR4, FIP1L1, FLT3, FLT3LG, FOXO1, FOXO3, FOXO4, FYN, FZD4, FZD6, GAB1, GAB2, GRB2, GSK3A, GSK3B, HBEGF, HDAC1, HDAC10, HDAC2, HDAC3, HDAC4, HDAC5, HDAC6, HDAC8, HDAC9, HES1, HEY1, HGF, HRAS, ICOS, IHH, IQGAP1, IRS1, IRS2, ITGA2B, ITGB3, JAG1, JAK2, KAT2A, KAT2B, KDR, KIF5B, KIT, KITLG, KL, KRAS, LCK, LRP5, LRP6, LYN, MAML2, MAP2K1, MAPK1, MAPK3, MDM2, MET, MSN, MTOR, MYC, MYH9, NCBP1, NCOR1, NCOR2, NCSTN, NF1, NOTCH1, NOX4, NR4A1, NRAS, PAPSS1, PDGFA, PDGFB, PDGFRA, PDGFRB, PDPK1, PHB, PIK3CA, PIK3CB, PIK3CD, PIK3R1, PIK3R2, PIM1, PLCG1, POLR2A, POLR2B, POLR2C, POLR2E, POLR2G, POLR2H, PORCN, PPP2CA, PPP2R1A, PRKAR1A, PSEN1, PSEN2, PSENEN, PSMA6, PSMB5, PSMC2, PSMC5, PSMD1, PSMD10, PSMD2, PSMD3, PSMD4, PSME3, PTEN, PTPN11, RAC1, RAF1, RANBP2, RAP1A, RBPJ, RBX1, RNF43, SEL1L, SHC1, SHH, SKP1, SMAD2, SMAD3, SMAD4, SND1, SOS1, SPTBN1, SQSTM1, SRC, STAT1, STAT3, STAT5A, STAT5B, SYVN1, TCF7L2, TGFA, TGFB1, TGFBR1, TGFBR2, TNKS, TSC2, VAV1, VCL, WNT3A, YES1",218,"C2:REACTOME"
"Disorders Of Transmembrane Transporters","ABCA1, ABCA3, ABCB4, ABCB6, ABCC2, ABCC6, ABCC8, ABCC9, ABCD1, ABCD4, AVPR1A, AVPR1B, AVPR2, CFTR, CP, DERL3, ERLIN2, GCKR, HK1, KCNJ11, NUP107, NUP153, NUP214, NUP62, NUP93, NUP98, PSMA6, PSMB5, PSMC2, PSMC5, PSMD1, PSMD10, PSMD2, PSMD3, PSMD4, PSME3, RANBP2, RHAG, SEC13, SEL1L, SLC11A2, SLC12A6, SLC16A1, SLC17A5, SLC17A8, SLC1A1, SLC1A3, SLC20A2, SLC22A12, SLC22A5, SLC24A1, SLC24A4, SLC26A2, SLC26A3, SLC29A3, SLC2A1, SLC2A2, SLC2A9, SLC3A1, SLC3A2, SLC40A1, SLC4A1, SLC5A1, SLC5A2, SLC5A5, SLC5A7, SLC6A2, SLC6A3, SLC6A5, SLC7A7, SLCO1B1, SLCO1B3",72,"C2:REACTOME"
"Fc Epsilon Receptor Fceri Signaling","BCL10, BTK, BTRC, CARD11, CDC34, CHUK, CUL1, FBXW11, FCER1A, FYN, GAB2, GRB2, HRAS, IGHE, IKBKB, IKBKG, ITK, ITPR1, ITPR3, KRAS, LAT, LYN, MALT1, MAP2K4, MAP3K1, MAP3K7, MAPK1, MAPK10, MAPK3, MAPK8, MAPK9, MS4A2, NFATC1, NFATC2, NFATC3, NFKB1, NRAS, PAK1, PAK2, PDPK1, PIK3CA, PIK3CB, PIK3R1, PIK3R2, PLCG1, PLCG2, PPP3CA, PRKCQ, PSMA6, PSMB5, PSMC2, PSMC5, PSMD1, PSMD10, PSMD2, PSMD3, PSMD4, PSME3, RAC1, RASGRP1, RELA, SHC1, SKP1, SOS1, SYK, TAB1, TAB2, TEC, TRAF6, TXK, UBE2D1, UBE2D2, VAV1, VAV3",74,"C2:REACTOME"
"Host Interactions Of Hiv Factors","AP1B1, AP1M1, AP1S3, AP2A1, AP2A2, AP2M1, APOBEC3G, ARF1, ATP6V1H, BTRC, CCNT1, CD247, CD28, CD4, CD8B, CDK9, CUL5, ELOB, ELOC, FYN, HCK, HMGA1, KPNA1, KPNB1, LCK, NUP107, NUP153, NUP214, NUP62, NUP93, NUP98, PAK2, PSIP1, PSMA6, PSMB5, PSMC2, PSMC5, PSMD1, PSMD10, PSMD2, PSMD3, PSMD4, PSME3, RAC1, RAN, RANBP2, RANGAP1, RBX1, RCC1, SEC13, SKP1, SLC25A4, XPO1",53,"C2:REACTOME"
"Immunoregulatory Interactions Between A Lymphoid And A Non Lymphoid Cell","CD160, CD19, CD1A, CD1B, CD1C, CD1D, CD200, CD22, CD226, CD247, CD300A, CD300C, CD300E, CD33, CD34, CD3E, CD3G, CD40, CD40LG, CD8A, CD8B, CD96, CD99, CDH1, COL17A1, COL2A1, COLEC12, CRTAM, CXADR, FCGR1A, FCGR2B, FCGR3A, ICAM1, ICAM2, ICAM3, ICAM4, ICAM5, IFITM1, ITGA4, ITGAL, ITGB2, ITGB7, KIR2DL1, KIR2DL4, KIR3DL1, KLRB1, KLRC1, KLRD1, KLRF1, KLRG1, KLRK1, LAIR1, LAIR2, LILRA1, LILRA2, LILRA4, LILRA5, LILRA6, LILRB1, LILRB2, LILRB3, LILRB4, LILRB5, MICA, MICB, NCR1, NCR2, NCR3, NECTIN2, PILRA, PVR, SELL, SH2D1A, SH2D1B, SIGLEC1, SIGLEC11, SIGLEC6, SIGLEC7, SIGLEC9, SLAMF6, SLAMF7, TREM1, TREM2, TREML2, VCAM1",85,"C2:REACTOME"
"Interferon Signaling","ADAR, CAMK2A, CAMK2B, CAMK2D, CAMK2G, CD44, CIITA, DDX58, EIF2AK2, EIF4A1, EIF4A3, EIF4E, EIF4G1, FCGR1A, FLNB, GBP1, GBP5, ICAM1, IFI35, IFIT1, IFIT2, IFIT3, IFITM1, IFNA1, IFNA17, IFNA2, IFNA7, IFNA8, IFNAR1, IFNAR2, IFNB1, IFNG, IFNGR1, IFNGR2, IRF1, IRF3, IRF4, IRF5, IRF7, IRF8, JAK1, JAK2, KPNA1, KPNA2, KPNA3, KPNB1, MAPK3, MX1, NCAM1, NEDD4, NUP107, NUP153, NUP214, NUP62, NUP93, NUP98, OAS1, OAS3, PIN1, PLCG1, PML, PRKCD, PTAFR, PTPN1, PTPN11, PTPN2, PTPN6, RANBP2, RNASEL, RSAD2, SAMHD1, SEC13, SOCS1, SOCS3, STAT1, STAT2, SUMO1, TRIM21, TRIM25, TRIM5, TYK2, VCAM1",82,"C2:REACTOME"
"Interleukin 1 Family Signaling","AGER, ALOX5, APP, BTRC, CASP1, CHUK, CTSG, CUL1, FBXW11, IKBKB, IKBKG, IL13, IL18, IL18BP, IL18R1, IL18RAP, IL1A, IL1B, IL1F10, IL1R1, IL1RAP, IL1RL1, IL1RL2, IL1RN, IL33, IL36G, IL37, IL4, IRAK1, IRAK2, IRAK4, MAP2K1, MAP2K4, MAP3K7, MAPK8, MYD88, NFKB1, NFKB2, NOD1, NOD2, PSMA6, PSMB5, PSMC2, PSMC5, PSMD1, PSMD10, PSMD2, PSMD3, PSMD4, PSME3, PTPN11, PTPN13, PTPN2, PTPN5, PTPN6, RBX1, RELA, RIPK2, SIGIRR, SKP1, SMAD3, SQSTM1, STAT3, TAB1, TAB2, TBK1, TOLLIP, TRAF6",68,"C2:REACTOME"
"Interleukin 4 And Interleukin 13 Signaling","AKT1, ALOX15, ALOX5, BATF, BCL2, BCL2L1, BCL6, BIRC5, CCL11, CCL22, CCND1, CD36, CDKN1A, F13A1, FASLG, FCER2, FGF2, FOXO1, FOXO3, FSCN1, GATA3, HGF, HIF1A, HMOX1, HSPA8, ICAM1, IGHE, IL10, IL12A, IL12B, IL13, IL13RA1, IL13RA2, IL17A, IL17F, IL18, IL1A, IL1B, IL23A, IL23R, IL2RG, IL4, IL4R, IL6, IL6R, IRF4, ITGAM, ITGAX, ITGB2, JAK1, JAK2, JAK3, LBP, LIF, MAOA, MMP9, MUC1, MYC, NANOG, NOS2, OPRD1, OPRM1, OSM, PIK3R1, PIM1, POMC, POU2F1, PTGS2, RORC, S1PR1, SOCS1, SOCS3, SOX2, STAT1, STAT3, STAT6, TGFB1, TNF, TNFRSF1B, TP53, TWIST1, TYK2, VCAM1, VEGFA, ZEB1",85,"C2:REACTOME"
"Intracellular Signaling By Second Messengers","ADCY2, AGO1, AKT1, AKT2, AKT3, ATF2, BAD, BMI1, CAMK2A, CAMK2B, CAMK2D, CAMK2G, CASP9, CD19, CD28, CD80, CD86, CDKN1A, CDKN1B, CHD3, CHUK, CREB1, CSNK2A1, CSNK2A2, CSNK2B, EED, EGF, EGFR, ERBB2, ERBB3, EREG, ESR1, ESR2, EZH2, FGF1, FGF10, FGF19, FGF2, FGF23, FGF4, FGF7, FGF9, FGFR1, FGFR2, FGFR3, FGFR4, FLT3, FLT3LG, FOXO1, FOXO3, FOXO4, FYN, GAB1, GAB2, GRB2, GRK2, GSK3A, GSK3B, HBEGF, HDAC1, HDAC2, HDAC3, HDAC5, HGF, ICOS, IL1RAP, IL1RL1, IL33, INSR, IRAK1, IRAK4, IRS1, IRS2, ITPR1, ITPR3, KDM1A, KIT, KITLG, KL, KPNA2, LCK, MAPK1, MAPK3, MDM2, MECOM, MET, MOV10, MTA1, MTA2, MTOR, MYD88, NEDD4, NR4A1, PDGFA, PDGFB, PDGFRA, PDGFRB, PDPK1, PHLPP1, PIK3CA, PIK3CB, PIK3CD, PIK3R1, PIK3R2, PIP4K2A, PLCG1, PML, PPARG, PPP2CA, PPP2R1A, PRKACA, PRKACB, PRKAR1A, PRKCA, PRKCD, PRKCE, PRKCG, PSMA6, PSMB5, PSMC2, PSMC5, PSMD1, PSMD10, PSMD2, PSMD3, PSMD4, PSME3, PTEN, PTPN11, RAC1, RBBP4, RBBP7, RCOR1, REST, RHEB, RNF2, RPTOR, SALL4, SNAI1, SNAI2, SRC, STUB1, TGFA, TNKS, TP53, TRAF6, TRIB3, TRIM27, TSC2, USP7, VAV1, WWP2, XIAP",153,"C2:REACTOME"
"Ion Channel Transport","ANO1, ANO3, ASIC1, ATP10D, ATP13A2, ATP1A1, ATP2A2, ATP2B1, ATP6V1B1, ATP6V1H, ATP7A, ATP7B, CAMK2A, CAMK2B, CAMK2D, CAMK2G, CASQ2, CLCN3, CLCN4, CLCN5, FXYD7, NEDD4L, PLN, RAF1, RIPK1, RIPK3, RYR1, SCNN1A, SCNN1G, SGK1, SRI, TPCN1, TRPA1, TRPC1, TRPC3, TRPC4, TRPC5, TRPC6, TRPC7, TRPM1, TRPM2, TRPM3, TRPM4, TRPM6, TRPM7, TRPM8, TRPV1, TRPV4, TRPV6, WWP1",50,"C2:REACTOME"
"L1cam Interactions","ALCAM, ANK1, AP2A1, AP2A2, AP2M1, CLTC, CNTN2, CNTN6, CNTNAP1, CSNK2A1, CSNK2A2, CSNK2B, DCX, DLG1, DLG4, DNM1, DNM2, DPYSL2, EGFR, EPHB2, FGFR1, GAP43, HSPA8, ITGA1, ITGA2, ITGA2B, ITGA5, ITGAV, ITGB3, KCNQ2, L1CAM, LAMC1, MAP2K1, MAPK1, MAPK3, MSN, NCAM1, NRP1, NRP2, NUMB, PAK1, RAC1, RANBP9, RPS6KA5, SCN3A, SCN4B, SCN7A, SCN8A, SCN9A, SPTA1, SPTBN1, SRC, TUBA4A, TUBB2A, TUBB2B, TUBB3, TUBB4A, TUBB6",58,"C2:REACTOME"
"Metabolism Of Amino Acids And Derivatives","ACAT1, AGMAT, AGXT, AHCY, AIMP2, ALDH7A1, ARG1, ARG2, BCKDK, BHMT, CBS, CBSL, CPS1, CTH, DAO, DCT, DDC, DIO2, DLD, DUOX2, ECHS1, FOLH1, GLS, GLS2, GLUD1, GOT1, GPT, GSR, GSTZ1, HDC, HNMT, HPD, HSD17B10, IDO1, INMT, KMO, MAT1A, MCCC1, MTAP, MTR, NDUFAB1, NQO1, OGDH, PAH, PAPSS1, PCBD1, PDHA1, PDHB, PHGDH, PRODH, PSMA6, PSMB5, PSMC2, PSMC5, PSMD1, PSMD10, PSMD2, PSMD3, PSMD4, PSME3, RIDA, SHMT1, SLC25A10, SLC25A13, SLC3A2, SLC5A5, SLC6A12, SLC7A5, SMOX, TDO2, TH, TPH1, TPH2, TXNRD1",74,"C2:REACTOME"
"Metabolism Of Rna","ADAR, AKT1, ALYREF, APOBEC3B, APOBEC3C, CD2BP2, CDK7, CDKAL1, CNOT1, CSNK1E, DDX1, DDX20, DDX21, DDX39B, DDX6, DHX9, DIS3, DKC1, EFTUD2, EIF4A1, EIF4A3, EIF4E, EIF4G1, ELAC2, ELAVL1, ERCC2, ERCC3, EXOSC10, FBL, FIP1L1, FUS, HBS1L, HNRNPD, HNRNPF, HNRNPH1, HNRNPM, HNRNPUL1, HSD17B10, HSPA8, IGF2BP1, IGF2BP2, IGF2BP3, KHSRP, MAPK11, MAPK14, MAPKAPK2, METTL3, MRM3, MTREX, NAT10, NCBP1, NOP2, NSUN2, NUDT21, NUP107, NUP153, NUP214, NUP62, NUP93, NUP98, NXF1, PELP1, POLR2A, POLR2B, POLR2C, POLR2E, POLR2G, POLR2H, PPP2CA, PPP2R1A, PRKCA, PRKCD, PRMT5, PRPF19, PRPF3, PRPF31, PRPF8, PSMA6, PSMB5, PSMC2, PSMC5, PSMD1, PSMD10, PSMD2, PSMD3, PSMD4, PSME3, PTBP1, RAN, RANBP2, RBMX, RTCB, SART1, SEC13, SF3A1, SF3B1, SF3B3, SF3B4, SMN1, SMN2, SNRNP200, SNRPB, SNRPD1, SNRPD3, SRSF1, SRSF2, TNFSF13, U2AF1, U2AF2, UPF1, WDR12, WDR77, XPO1, YWHAZ",114,"C2:REACTOME"
"Metabolism Of Steroids","ABCC3, ACACA, ACACB, AKR1B1, AKR1C3, AMACR, BAAT, CARM1, CH25H, CREBBP, CUBN, CYP11A1, CYP11B2, CYP17A1, CYP19A1, CYP24A1, CYP27A1, CYP27B1, CYP46A1, CYP7A1, DHCR24, DHCR7, EBP, FASN, FDFT1, FDPS, FDX1, HMGCR, HSD11B1, HSD11B2, HSD17B1, HSD17B2, HSD3B1, KPNB1, LGMN, LRP2, MED1, MVD, NCOA1, NCOA2, NR1H4, POMC, PPARA, PTGIS, RAN, RXRA, SLC10A1, SLCO1B1, SLCO1B3, SP1, SQLE, SRD5A1, SRD5A2, SRD5A3, SREBF1, SREBF2, STAR, TSPO, TSPOAP1, UBE2I, VDR",61,"C2:REACTOME"
"Nervous System Development","ABL1, ABL2, ADAM10, ADGRG6, ALCAM, ANK1, AP2A1, AP2A2, AP2M1, APH1B, ARHGAP35, ARHGEF7, CACNA1C, CACNA1D, CACNA1G, CACNA1H, CD72, CDC42, CDK5, CLTC, CNTN2, CNTN6, CNTNAP1, COL2A1, COL4A1, COL4A2, COL4A3, COL4A4, COL4A5, COL5A1, COL5A2, CREB1, CSNK2A1, CSNK2A2, CSNK2B, CUL2, CXCL12, CXCR4, DAB1, DAG1, DCX, DLG1, DLG4, DNM1, DNM2, DOK5, DPYSL2, EFNB2, EGFR, EGR2, EIF4A3, EIF4G1, ELOB, ELOC, EPHA1, EPHA10, EPHA2, EPHA3, EPHA4, EPHA7, EPHA8, EPHB1, EPHB2, EPHB4, EPHB6, ERBB2, FES, FGFR1, FLRT3, FYN, GAB1, GAB2, GAP43, GDNF, GJB1, GRB2, GRIN1, GRIN2B, GSK3B, HDAC2, HMGCR, HRAS, HSPA8, IRS2, ISL1, ITGA1, ITGA2, ITGA2B, ITGA5, ITGAV, ITGB3, KCNQ2, KRAS, L1CAM, LAMC1, LIMK1, LYN, MAP2K1, MAPK1, MAPK11, MAPK12, MAPK14, MAPK3, MAPK7, MAPK8, MET, MMP9, MPZ, MSI1, MSN, MYH10, MYH9, NCAM1, NCBP1, NCK1, NCSTN, NRAS, NRP1, NRP2, NTN1, NTN4, NUMB, PAK1, PAK2, PAK4, PIK3CA, PIK3CB, PIK3CD, PIK3R1, PIK3R2, PLCG1, PLXNC1, PMP22, POU3F1, PRKACA, PRKACB, PRKCA, PRKCQ, PRNP, PSEN1, PSEN2, PSENEN, PSMA6, PSMB5, PSMC2, PSMC5, PSMD1, PSMD10, PSMD2, PSMD3, PSMD4, PSME3, PTK2, PTPN11, RAC1, RANBP9, RASA1, RBX1, RELN, RET, RHOA, RHOC, ROCK1, ROCK2, RPS6KA5, RRAS, SCN3A, SCN4B, SCN7A, SCN8A, SCN9A, SDC2, SEMA3A, SEMA4D, SEMA7A, SHC1, SIAH1, SLIT2, SLIT3, SMARCA4, SOS1, SOX10, SPTA1, SPTBN1, SRC, SREBF2, TIAM1, TREM2, TRPC1, TRPC3, TRPC4, TRPC5, TRPC6, TRPC7, TUBA4A, TUBB2A, TUBB2B, TUBB3, TUBB4A, TUBB6, UNC5A, UTRN, VASP, VAV3, VLDLR, WASL, WWTR1, YAP1, YES1",209,"C2:REACTOME"
"Neurotransmitter Receptors And Postsynaptic Signal Transmission","ACTN2, ADCY2, AP2A1, AP2A2, AP2M1, ARHGEF7, CACNG3, CACNG4, CAMK1, CAMK2A, CAMK2B, CAMK2D, CAMK2G, CASK, CHRNA2, CHRNA3, CHRNA4, CHRNA5, CHRNA6, CHRNA7, CHRNB2, CHRNB3, CHRNB4, CREB1, DLG1, DLG4, GABBR1, GABBR2, GABRA1, GABRA2, GABRA3, GABRA4, GABRA5, GABRA6, GABRB2, GABRB3, GABRG2, GABRG3, GABRQ, GABRR3, GLRA1, GLRA2, GLRA3, GLRB, GNAI1, GNAI2, GNAT3, GNB3, GRIA1, GRIA2, GRIK3, GRIK4, GRIK5, GRIN1, GRIN2B, GRIN2C, GRIN2D, HRAS, HTR3A, KCNJ10, KCNJ12, KCNJ15, KCNJ16, KCNJ2, KCNJ6, KCNJ9, KPNA2, KRAS, MAPK1, MAPK3, MAPT, MDM2, MYO6, NEFL, NPTN, NRAS, PDPK1, PLCB1, PRKAA1, PRKAA2, PRKAB1, PRKACA, PRKACB, PRKAG1, PRKAG2, PRKAR1A, PRKCA, PRKCB, PRKCG, RAC1, SRC, TSPAN7, TUBA4A, TUBB2A, TUBB2B, TUBB3, TUBB4A, TUBB6",98,"C2:REACTOME"
"Pi3k Akt Signaling In Cancer","AKT1, AKT2, AKT3, BAD, CASP9, CD19, CD28, CD80, CD86, CDKN1A, CDKN1B, CHUK, CREB1, EGF, EGFR, ERBB2, ERBB3, EREG, ESR1, ESR2, FGF1, FGF10, FGF19, FGF2, FGF23, FGF4, FGF7, FGF9, FGFR1, FGFR2, FGFR3, FGFR4, FLT3, FLT3LG, FOXO1, FOXO3, FOXO4, FYN, GAB1, GAB2, GRB2, GSK3A, GSK3B, HBEGF, HGF, ICOS, IRS1, IRS2, KIT, KITLG, KL, LCK, MDM2, MET, MTOR, NR4A1, PDGFA, PDGFB, PDGFRA, PDGFRB, PDPK1, PIK3CA, PIK3CB, PIK3CD, PIK3R1, PIK3R2, PTEN, PTPN11, RAC1, SRC, TGFA, TSC2, VAV1",73,"C2:REACTOME"
"Post Translational Protein Modification","ACTL6A, ADAM10, ADAMTS1, ADAMTS12, ADAMTS19, ADAMTS2, ADAMTS4, ADAMTS5, ADAMTSL3, ADRB2, AHSG, ALG11, ALG13, ALG2, ALG6, ALG9, ALPL, AMFR, ANK1, APC, APOB, APOL1, APP, AR, ARF1, ARRB1, ARRB2, ART3, ART4, ASXL1, ATXN3, AURKA, AURKB, AXIN1, AXIN2, B4GAT1, BAP1, BARD1, BCL10, BECN1, BIRC2, BIRC5, BLM, BMI1, BMP4, BRCA1, BST1, BTRC, C4A, CAND1, CANX, CBX5, CCN1, CCNA1, CCNA2, CD109, CD55, CD59, CDC20, CDC25A, CDC34, CDC73, CDH2, CDK1, CDKN2A, CFP, CFTR, CHD3, CHST8, CKAP4, COL7A1, COPS5, CP, CREBBP, CSF1, CTBP1, CTSA, CTSC, CUL1, CUL2, CUL3, CUL4A, CUL4B, CUL5, CYLD, DAG1, DAXX, DCTN1, DDB1, DDB2, DDX58, DHDDS, DNMT1, DNMT3A, DNMT3B, DPAGT1, DPM1, DYNC1H1, EIF5A, ELOB, ELOC, EP300, EPAS1, ESR1, F2, F5, F7, F8, FBXW11, FBXW7, FCGR3B, FGF23, FN3KRP, FOLR1, FOLR2, FOXL2, FOXO4, FSTL1, FSTL3, FUCA1, FURIN, FUT3, FUT8, GANAB, GAS6, GATA3, GBF1, GCNT4, GFPT1, GLB1, GMDS, GOLGA2, GRIA1, HCFC1, HDAC1, HDAC2, HDAC4, HERC2, HGS, HIF1A, HIPK2, HSPA8, IDE, IFIH1, IGFBP1, IKBKE, IKBKG, IL33, IL6, INO80D, KAT2A, KAT2B, KEAP1, KLHL13, LAMC1, LTBP1, MAN1A1, MAN1B1, MANEA, MAP3K7, MAVS, MDC1, MDM2, MDM4, MELTF, MEN1, MFGE8, MITF, MPDU1, MPI, MRTFA, MSLN, MTA1, MUC1, MUC16, MUC4, MUC5AC, MUC5B, MVD, MYC, NCOA1, NCOA2, NCOR2, NFKB2, NLRP3, NOD1, NOD2, NR1H2, NR1H3, NR1H4, NR1I2, NR3C1, NR3C2, NR5A1, NR5A2, NRIP1, NRN1, NTNG2, NUP107, NUP153, NUP214, NUP62, NUP93, NUP98, OGT, OTUB1, P4HB, PARK7, PARP1, PCNA, PCSK9, PDIA3, PENK, PGAP1, PGR, PIGF, PLAUR, PML, PMM2, PNPLA2, POLB, POMGNT1, POMT1, PPARA, PPARG, PPARGC1A, PRKDC, PRKN, PROC, PROS1, PSMA6, PSMB5, PSMC2, PSMC5, PSMD1, PSMD10, PSMD2, PSMD3, PSMD4, PSME3, PTEN, RAB11A, RAB27A, RAB5A, RAB7A, RAB8A, RAB9A, RAD18, RAD52, RANBP2, RANGAP1, RARA, RBBP5, RBBP7, RBX1, RECK, RELA, RHOA, RHOT1, RIPK1, RIPK2, RNF128, RNF2, RPA1, RPN1, RUVBL1, RXRA, SAFB, SATB1, SATB2, SCG2, SDC2, SEC13, SEC16A, SEL1L, SENP1, SERPINC1, SERPIND1, SIN3A, SKP1, SKP2, SLC17A5, SMAD1, SMAD2, SMAD3, SMAD4, SMAD7, SMC1A, SMC3, SMURF2, SOCS2, SOCS3, SP3, SPON1, SPON2, SPTA1, SPTBN1, SRD5A3, ST6GAL1, STC2, STS, SUMO1, SYVN1, TAB1, TFAP2A, TFAP2B, TGFA, TGFB1, TGFBR1, TGFBR2, THBS1, THBS2, THRA, THRB, THY1, TNC, TNIP1, TNKS, TOP1, TOP2A, TOP2B, TP53, TP53BP1, TRAF2, TRAF3, TRAF6, TRIM25, TRIM27, TRIM28, TRRAP, TUBA4A, TUBB2A, TUBB2B, TUBB3, TUBB4A, TUBB6, UBA1, UBD, UBE2C, UBE2D1, UBE2D2, UBE2D3, UBE2I, UBE2L3, UBE2T, UCHL1, ULBP2, UMOD, USP10, USP11, USP5, USP7, VDAC1, VDAC2, VDR, VGF, VHL, WDR5, WFS1, WRN, XPC, XRCC4, YY1, ZBTB16",364,"C2:REACTOME"
"Potential Therapeutics For Sars","ACE2, AP2A1, AP2A2, AP2M1, ATP1A1, BRD4, CHD3, COMT, CUL3, CYSLTR1, FNTA, FURIN, FXYD7, HDAC1, HDAC2, IFNAR1, IFNAR2, IFNGR1, IFNGR2, IL1R1, IL6R, IMPDH1, IMPDH2, ITGA4, JAK1, JAK2, JAK3, KDM1A, KEAP1, MTA1, MTA2, NFE2L2, NR3C1, PDCD1, PTGES3, RBBP4, RBBP7, RBX1, RCOR1, REST, RIPK1, ROCK1, ROCK2, S1PR1, SIGMAR1, STAT2, TBK1, TLR7, TLR9, TUBB, TYK2, VEGFA, ZBP1",53,"C2:REACTOME"
"Processing Of Capped Intron Containing Pre Mrna","ALYREF, CD2BP2, DDX39B, DHX9, EFTUD2, EIF4A3, EIF4E, ELAVL1, FIP1L1, FUS, HNRNPD, HNRNPF, HNRNPH1, HNRNPM, HNRNPUL1, HSPA8, METTL3, MTREX, NCBP1, NUDT21, NUP107, NUP153, NUP214, NUP62, NUP93, NUP98, NXF1, POLR2A, POLR2B, POLR2C, POLR2E, POLR2G, POLR2H, PRPF19, PRPF3, PRPF31, PRPF8, PTBP1, RANBP2, RBMX, SART1, SEC13, SF3A1, SF3B1, SF3B3, SF3B4, SNRNP200, SNRPB, SNRPD1, SNRPD3, SRSF1, SRSF2, U2AF1, U2AF2",54,"C2:REACTOME"
"Rna Polymerase Ii Transcription","ABL1, ACTL6A, AGO1, AGRP, AKT1, AKT2, AKT3, ALYREF, ANAPC1, APAF1, AR, ARID1A, ASH2L, ATF2, ATM, ATR, ATXN3, AURKA, AURKB, AXIN1, BARD1, BAX, BBC3, BCL2L11, BCL6, BDNF, BID, BIRC5, BLK, BLM, BMI1, BMP2, BRCA1, BRIP1, CAMK2A, CAMK2B, CAMK2D, CAMK2G, CARM1, CASP1, CASP10, CASP2, CASP6, CAT, CBFB, CBX3, CBX5, CCN2, CCNA1, CCNA2, CCNB1, CCND1, CCND2, CCND3, CCNE1, CCNT1, CDC25C, CDC27, CDC73, CDK1, CDK2, CDK4, CDK5, CDK6, CDK7, CDK8, CDK9, CDKN1A, CDKN1B, CDKN2A, CDKN2B, CGB3, CHD3, CHEK1, CHEK2, CLDN5, CNOT1, CR1, CREB1, CREBBP, CRH, CSF1R, CSF2, CSNK2A1, CSNK2A2, CSNK2B, CTLA4, CTNNB1, CTSK, CTSL, CUL1, CYCS, DAXX, DDB2, DDIT3, DDX39B, DEK, DLL1, E2F1, E2F4, EED, EGFR, EHMT1, EHMT2, EIF4A3, ELOB, ELOC, EP300, ERBB2, ERCC2, ERCC3, ESR1, ESR2, ESRRA, ESRRG, EXO1, EZH2, FANCC, FANCD2, FANCI, FAS, FASLG, FBXW7, FIP1L1, FOXG1, FOXO1, FOXO3, FOXO4, FOXP3, FZR1, G6PD, GAD1, GAD2, GADD45A, GATA1, GATA2, GATA3, GATA4, GLI2, GLI3, GLS, GLS2, GP1BA, GRIA2, GRIN2B, GSK3B, GSR, HDAC1, HDAC10, HDAC2, HDAC3, HDAC4, HDAC5, HDAC6, HDAC8, HDAC9, HES1, HEY1, HIPK2, HNF4A, HSPD1, HTT, IFNG, IGFBP1, IHH, IL2, IL2RA, IL3, IL6, IRAK1, ITCH, ITGA2B, ITGA4, ITGA5, ITGAL, JAG1, KAT2A, KAT2B, KAT5, KDM5B, KIT, KLF4, KMT2A, KMT2D, KRAS, LEF1, LIFR, LMO1, LMO2, LRPPRC, MAF, MAML2, MAPK1, MAPK11, MAPK14, MAPK3, MAX, MDC1, MDM2, MDM4, MED1, MED12, MEF2C, MEN1, MET, MLH1, MMP13, MOV10, MRE11, MSH2, MSTN, MTA2, MTOR, MYB, MYBL2, MYC, NBN, NCBP1, NCOR1, NCOR2, NDRG1, NEDD4L, NFATC2, NFKB1, NOP2, NOTCH1, NOTCH2, NOTCH3, NOTCH4, NPPA, NR0B1, NR0B2, NR1H2, NR1H3, NR1H4, NR1I2, NR1I3, NR2C2, NR2E3, NR3C1, NR3C2, NR4A1, NR4A3, NR5A1, NR5A2, NR6A1, NUDT21, OCLN, OPRK1, OPRM1, PARP1, PAX5, PCK1, PCNA, PDPK1, PGR, PIN1, PINK1, PIP4K2A, PITX2, PLAGL1, PMAIP1, PML, PMS2, POLR2A, POLR2B, POLR2C, POLR2E, POLR2G, POLR2H, POMC, POU2F1, POU2F2, PPARA, PPARD, PPARG, PPARGC1A, PPM1A, PPM1D, PPP2CA, PPP2R1A, PRDM1, PRKAA1, PRKAA2, PRKAB1, PRKACA, PRKAG1, PRKAG2, PRKCB, PRKCQ, PRMT1, PRMT5, PSMA6, PSMB5, PSMC2, PSMC5, PSMD1, PSMD10, PSMD2, PSMD3, PSMD4, PSME3, PTEN, PTPN1, PTPN11, RAD50, RAD51, RARA, RARB, RB1, RBBP4, RBBP5, RBBP7, RBBP8, RBL2, RBM14, RBPJ, RBX1, RELA, RETN, RFC3, RFC4, RFC5, RHEB, RNF2, RORB, RORC, RPA1, RPA2, RPA3, RPTOR, RRM2, RSPO3, RUNX1, RUNX2, RUNX3, RXRA, SATB2, SERPINE1, SESN2, SESN3, SGK1, SIN3A, SIRT1, SIRT3, SKP1, SKP2, SLC2A3, SMAD1, SMAD2, SMAD3, SMAD4, SMAD7, SMARCA2, SMARCA4, SMARCB1, SMARCC1, SMARCE1, SMURF1, SMURF2, SNRPB, SNRPD3, SOCS3, SOX2, SOX9, SP1, SPI1, SRC, SREBF1, SRSF1, SRSF2, SSRP1, STAT1, STK11, STUB1, SUMO1, TAF1, TAL1, TBP, TBX5, TCF3, TCF7, TCF7L2, TFAP2A, TFAP2B, TGFA, TGFB1, THBS1, THRA, THRB, TJP1, TNFRSF10A, TNFRSF10B, TNFRSF10C, TNFRSF10D, TNFRSF18, TOPBP1, TP53, TP53BP2, TP63, TP73, TPX2, TRIM28, TRPC3, TSC1, TSC2, TWIST1, TWIST2, TXNRD1, U2AF1, U2AF2, UBE2C, UBE2D1, UBE2D3, UBE2I, USP7, VDR, VEGFA, WDR5, WRN, WWOX, WWP1, WWTR1, YAP1, YES1, YWHAQ, YWHAZ, YY1, ZFHX3",429,"C2:REACTOME"
"Sensory Perception","ABCA4, AKR1C3, APOB, APOM, ATP2B1, CACNA1D, CASK, CDH23, CNGB1, CTBP2, EPB41L3, FNTA, GNAT3, GNB3, GRM1, GRM4, GUCA1A, GUCY2D, HSD17B1, HSD17B6, HSPG2, ITPR3, KCNJ2, KCNMA1, KCNMB1, KCNQ4, LDLR, LPL, LRP1, LRP2, MSN, MYH9, MYO15A, MYO1C, OPN1LW, OTOF, PRKCA, PRKCQ, RPE65, SCN3A, SCN4B, SCN9A, SCNN1A, SCNN1G, SDC2, SDC3, SDC4, SLC17A8, SLC24A1, SNAP25, SPTBN1, STX1A, SYP, TAS2R38, TRPM4",55,"C2:REACTOME"
"Signaling By Interleukins","AGER, AIP, AKT1, ALOX15, ALOX5, ANXA2, APP, ARF1, ATF1, ATF2, BATF, BCL2, BCL2L1, BCL6, BIRC5, BLNK, BTRC, CANX, CASP1, CASP3, CBL, CCL11, CCL19, CCL20, CCL22, CCND1, CCR1, CCR2, CCR5, CD36, CD4, CD80, CD86, CDC42, CDKN1A, CHUK, CNTF, CREB1, CRK, CRKL, CSF1, CSF1R, CSF2, CSF2RA, CSF2RB, CSF3, CSF3R, CTSG, CUL1, CXCL10, CXCL2, DUSP6, EBI3, ELK1, F13A1, FASLG, FBXW11, FCER2, FGF2, FOXO1, FOXO3, FPR1, FSCN1, FYN, GAB2, GATA3, GRB2, GSTO1, HAVCR2, HCK, HGF, HIF1A, HMOX1, HNRNPF, HSPA8, HSPA9, ICAM1, IFNG, IFNL1, IFNL2, IFNL3, IGHE, IKBKB, IKBKG, IL10, IL10RA, IL10RB, IL11, IL11RA, IL12A, IL12B, IL12RB1, IL12RB2, IL13, IL13RA1, IL13RA2, IL15, IL15RA, IL16, IL17A, IL17F, IL17RA, IL17RB, IL18, IL18BP, IL18R1, IL18RAP, IL19, IL1A, IL1B, IL1F10, IL1R1, IL1RAP, IL1RL1, IL1RL2, IL1RN, IL2, IL20, IL21, IL21R, IL22, IL22RA1, IL23A, IL23R, IL24, IL25, IL26, IL2RA, IL2RB, IL2RG, IL3, IL31, IL33, IL34, IL36G, IL37, IL3RA, IL4, IL4R, IL5, IL5RA, IL6, IL6R, IL6ST, IL7, IL9, IL9R, INPP5D, INPPL1, IRAK1, IRAK2, IRAK4, IRF4, IRS1, IRS2, ITGAM, ITGAX, ITGB2, JAK1, JAK2, JAK3, LBP, LCK, LGALS9, LIF, LIFR, LMNB1, LYN, MAOA, MAP2K1, MAP2K4, MAP3K7, MAPK1, MAPK10, MAPK11, MAPK14, MAPK3, MAPK7, MAPK8, MAPK9, MAPKAPK2, MEF2A, MEF2C, MMP9, MSN, MTAP, MUC1, MYC, MYD88, NANOG, NFKB1, NFKB2, NOD1, NOD2, NOS2, OPRD1, OPRM1, OSM, P4HB, PAK2, PDCD4, PIK3CA, PIK3CB, PIK3CD, PIK3R1, PIK3R2, PIM1, POMC, POU2F1, PPP2CA, PPP2R1A, PRKACA, PRTN3, PSMA6, PSMB5, PSMC2, PSMC5, PSMD1, PSMD10, PSMD2, PSMD3, PSMD4, PSME3, PTAFR, PTGS2, PTK2B, PTPN11, PTPN13, PTPN2, PTPN5, PTPN6, PTPRZ1, RAG1, RBX1, RELA, RIPK2, RORC, RPS6KA5, S1PR1, SERPINB2, SHC1, SIGIRR, SKP1, SMAD3, SMARCA4, SNAP25, SOCS1, SOCS2, SOCS3, SOD1, SOS1, SOX2, SQSTM1, STAT1, STAT2, STAT3, STAT4, STAT5A, STAT5B, STAT6, STX1A, SYK, TAB1, TAB2, TBK1, TCP1, TEC, TGFB1, TNF, TNFRSF1A, TNFRSF1B, TOLLIP, TP53, TRAF6, TSLP, TWIST1, TYK2, VAV1, VCAM1, VEGFA, YES1, YWHAZ, ZEB1",283,"C2:REACTOME"
"Signaling By Nuclear Receptors","ABCA1, ABCG1, AGO1, AKR1C3, AKT1, AKT2, AKT3, ANGPTL3, ATF2, AXIN1, BCL2, CARM1, CAV2, CBFB, CCND1, CCNT1, CDK9, CDKN1B, CETP, CPT1A, CREB1, CREBBP, CXCL12, DLD, EGF, EGFR, ELK1, EP300, EREG, ESR1, ESR2, FASN, FOXA1, FOXO3, GATA3, GNAI1, GNAI2, GNAT3, GNB3, HBEGF, HDAC1, HDAC3, HRAS, IGF1R, KAT2B, KAT5, KDM1A, KDM3A, KDM4A, KPNA2, KRAS, MAPK1, MAPK3, MED1, MMP9, MOV10, MYB, MYC, MYLIP, NCOA1, NCOA2, NCOA3, NCOR1, NCOR2, NOS3, NR1H2, NR1H3, NR5A2, NRAS, NRIP1, PCK1, PDHA1, PDHB, PDK1, PDPK1, PGR, PIK3CA, PIK3R1, PIK3R2, PLIN1, PLTP, POLR2A, POLR2B, POLR2C, POLR2E, POLR2G, POLR2H, POU2F1, PPARD, PPID, PRKCZ, PRMT1, PTGES3, PTK2, RARA, RARB, RUNX1, RXRA, S1PR3, SHC1, SMC1A, SMC3, SP1, SPHK1, SRC, SREBF1, SRF, TBP, TGFA, USF1, XPO1, YY1",112,"C2:REACTOME"
"Signaling By Tgfb Family Members","ACVR1B, ACVR2A, ACVRL1, AMH, BMP2, BMPR1A, BMPR1B, BMPR2, CBL, CCNT1, CDK8, CDK9, CDKN2B, E2F4, F11R, FST, FSTL1, FSTL3, FURIN, GDF2, GREM2, HDAC1, INHBA, INHBB, MAPK1, MAPK3, MEN1, MYC, NCOR1, NCOR2, NEDD4L, PARD3, PARP1, PPM1A, PPP1CA, PRKCZ, RHOA, SERPINE1, SMAD1, SMAD2, SMAD3, SMAD4, SMAD7, SMURF1, SMURF2, SP1, STUB1, TGFB1, TGFBR1, TGFBR2, UBE2D1, UBE2D3, WWTR1, XPO1",54,"C2:REACTOME"
"Slc Mediated Transmembrane Transport","CP, FGF21, RHAG, RUNX1, SLC11A1, SLC11A2, SLC12A2, SLC12A6, SLC15A1, SLC16A1, SLC17A5, SLC17A6, SLC17A7, SLC17A8, SLC18A2, SLC1A1, SLC1A2, SLC1A3, SLC1A5, SLC20A2, SLC22A1, SLC22A12, SLC22A2, SLC22A4, SLC22A5, SLC22A8, SLC24A1, SLC24A4, SLC25A10, SLC25A4, SLC26A2, SLC26A3, SLC29A1, SLC29A3, SLC2A1, SLC2A2, SLC2A3, SLC2A4, SLC2A9, SLC30A7, SLC30A8, SLC39A8, SLC3A1, SLC3A2, SLC40A1, SLC43A2, SLC4A1, SLC5A1, SLC5A2, SLC5A3, SLC5A5, SLC5A7, SLC6A1, SLC6A12, SLC6A2, SLC6A3, SLC6A5, SLC6A9, SLC7A11, SLC7A5, SLC7A7, SLC9A1, SLC9A3, SLCO1B1, SLCO1B3, SLCO1C1, SLCO2B1, SRI",68,"C2:REACTOME"
"Transport Of Small Molecules","ABCA1, ABCA3, ABCA4, ABCA7, ABCB1, ABCB4, ABCB6, ABCC1, ABCC2, ABCC3, ABCC4, ABCC6, ABCC9, ABCD1, ABCD3, ABCG1, ABCG2, ADCY2, ADD1, ANGPTL3, ANGPTL4, ANGPTL8, ANO1, ANO3, AP2A1, AP2A2, AP2M1, APOB, AQP4, AQP5, AQP7, AQP8, AQP9, ASIC1, ATP10D, ATP13A2, ATP1A1, ATP2A2, ATP2B1, ATP6V1B1, ATP6V1H, ATP7A, ATP7B, AVPR2, CA4, CAMK2A, CAMK2B, CAMK2D, CAMK2G, CAND1, CASQ2, CETP, CFTR, CIDEC, CLCN3, CLCN4, CLCN5, CLTC, CP, CUBN, CUL1, DERL3, EIF2S1, ERLIN2, FGF21, FURIN, FXYD7, GNB3, HFE, HMOX1, KCNJ11, LCAT, LDLR, LIPA, LIPC, LIPG, LPA, LPL, MYLIP, MYO5B, NCEH1, NEDD4L, NGB, NPC1, NR1H2, NR1H3, P4HB, PCSK9, PHB, PHB2, PLN, PLTP, PRKACA, PRKACB, PRKAR1A, PSMA6, PSMB5, PSMC2, PSMC5, PSMD1, PSMD10, PSMD2, PSMD3, PSMD4, PSME3, RAB11A, RAF1, RHAG, RIPK1, RIPK3, RUNX1, RYR1, SCARB1, SCNN1A, SCNN1G, SEL1L, SGK1, SKP1, SLC11A1, SLC11A2, SLC12A2, SLC12A6, SLC15A1, SLC16A1, SLC17A5, SLC17A6, SLC17A7, SLC17A8, SLC18A2, SLC1A1, SLC1A2, SLC1A3, SLC1A5, SLC20A2, SLC22A1, SLC22A12, SLC22A2, SLC22A4, SLC22A5, SLC22A8, SLC24A1, SLC24A4, SLC25A10, SLC25A4, SLC26A2, SLC26A3, SLC29A1, SLC29A3, SLC2A1, SLC2A2, SLC2A3, SLC2A4, SLC2A9, SLC30A7, SLC30A8, SLC39A8, SLC3A1, SLC3A2, SLC40A1, SLC43A2, SLC4A1, SLC5A1, SLC5A2, SLC5A3, SLC5A5, SLC5A7, SLC6A1, SLC6A12, SLC6A2, SLC6A3, SLC6A5, SLC6A9, SLC7A11, SLC7A5, SLC7A7, SLC9A1, SLC9A3, SLCO1B1, SLCO1B3, SLCO1C1, SLCO2B1, SOAT1, SRI, TFR2, TFRC, TPCN1, TRPA1, TRPC1, TRPC3, TRPC4, TRPC5, TRPC6, TRPC7, TRPM1, TRPM2, TRPM3, TRPM4, TRPM6, TRPM7, TRPM8, TRPV1, TRPV4, TRPV6, VDAC1, VDAC2, VLDLR, WWP1",207,"C2:REACTOME"
"Ub Specific Processing Proteases","ADRB2, AR, ARRB1, ARRB2, AXIN1, AXIN2, BECN1, BIRC2, CCNA1, CCNA2, CDC20, CDC25A, CFTR, CYLD, DDB2, DDX58, FOXO4, GATA3, HGS, HIF1A, IDE, IFIH1, IKBKG, IL33, KAT2A, KEAP1, MAP3K7, MDM2, MDM4, MYC, OTUB1, POLB, PSMA6, PSMB5, PSMC2, PSMC5, PSMD1, PSMD10, PSMD2, PSMD3, PSMD4, PSME3, PTEN, RHOT1, RIPK1, RNF128, RUVBL1, SKP2, SMAD1, SMAD2, SMAD3, SMAD4, SMAD7, SMURF2, TAB1, TGFBR1, TNKS, TP53, TRAF2, TRAF6, TRRAP, USP10, USP11, USP5, USP7, VDAC1, VDAC2",67,"C2:REACTOME"
"Vesicle Mediated Transport","ADRB2, AGTR1, AKT1, AKT2, AKT3, ANK1, AP1B1, AP1M1, AP1S3, AP2A1, AP2A2, AP2M1, APOB, APOL1, APP, ARF1, ARF6, ARRB1, ARRB2, AVPR2, CBL, CD163, CD36, CD3G, CD4, CD55, CD59, CFTR, CHRM2, CLTC, COL4A1, COL4A2, COL7A1, COLEC12, COPS5, CTSC, CTTN, CYTH2, DAB2, DCTN1, DNM1, DNM2, DTNBP1, DVL2, DYNC1H1, EGF, EGFR, EREG, F5, F8, FOLR1, FZD4, GBF1, GJA1, GJA5, GJB1, GJB6, GJC1, GNS, GOLGA2, GRB2, GRIA1, GRK2, HBEGF, HGS, HSPA8, HYOU1, IGF2R, KIF11, KIF1A, KIF20A, KIF2A, KIF2C, KIF5B, LDLR, LRP1, LRP2, MAN1A1, MAP1LC3B, MARCO, MASP1, MSR1, MYH9, MYO1C, MYO5A, MYO6, OCRL, OPTN, PICALM, PLA2G4A, PLA2G6, PRKAA2, PRKAB1, PRKAG1, PRKAG2, RAB11A, RAB27A, RAB5A, RAB7A, RAB8A, RAB9A, RAC1, RACGAP1, REPS1, SCARB1, SEC13, SEC16A, SLC2A4, SNAP23, SORT1, SPTA1, SPTBN1, SRC, STAB1, TACR1, TBC1D8B, TFRC, TGFA, TJP1, TOR1A, TSC1, TSC2, TSG101, TUBA4A, TUBB2A, TUBB2B, TUBB3, TUBB4A, TUBB6, ULK1, VAMP3, VPS37B, VPS4A, WASL, WNT5A, YWHAQ, YWHAZ",137,"C2:REACTOME"
